{
	"70": {
		"beta": 60.0,
		"data": [1.26520321554943,0.903611193096017,0.45662732845899207,0.3241406111645734,0.22157366337555964,0.18330706056120075,0.14683739809458707,0.11025070890514739,0.09682050461081106,0.08427695504699147,0.07567876129967782,0.06807470621474992,0.06076631086687022,0.05423751987669984,0.04903595735587711,0.045094688233872145,0.04431433695483303,0.037779458181668626,0.03798108397199519,0.033861264664198754,0.033014529817527,0.03182969566457109,0.029946698405361558,0.02697595221322677,0.02763125144333806,0.025585549093250032,0.025063453984258997,0.023811849943767616,0.02362565394142815,0.02234909000663906,0.021471712082044587,0.021348103233633873,0.02076085640909433,0.019857165542375033,0.018388442271746668,0.017587067149107207,0.017913809194454924,0.017827471217954166,0.017315933660759085,0.015866230953974773,0.015897139053979267,0.016201449327438486,0.014963998292244858,0.01522876343304386,0.014701158796970832,0.013877481901526342,0.014424001836086085,0.013347741878631782,0.012976299878806706,0.012926007048388716,0.012772738025532165,0.012174687202810551,0.012264426438262437,0.011496097735587001,0.011196555437257838,0.010755026211524282,0.010685602687356315,0.01047019288902634,0.010787142000455788,0.010238755321777239,0.010028305174482213,0.00983363410404513,0.00961001570650371,0.009135437661223997,0.00949012829780607,0.00900894401049165,0.008808572941711067,0.008486440238304216,0.008933094141539775,0.008476021300024037,0.007973548357768848,0.007949470931034649,0.007821508302745698,0.007637157291785986,0.007542763128191384,0.007341299829025045,0.007558553013782835,0.00706825820346051,0.007233609115532941,0.006719481900707884,0.0072021264464472035,0.006522364524426954,0.006803820397747949,0.0064579729788189315,0.0060775713315979136,0.006343082268296924,0.006187766657657884,0.006042552722174672,0.006088282416533405,0.006134186571692276,0.005870982769050643,0.005984846259289108,0.005721827775338308,0.005449551457611271,0.005521522900374199,0.005307644159245435,0.005210749466441028,0.005165605184557025,0.005126171585957291,0.005113881247290263,0.004870044630168902,0.004826437680931975,0.004645159524723782,0.004830655528104933,0.004703398925141352,0.004768814104692949,0.004491757634965975,0.004589414691285006,0.00452405427918258,0.004232229136308505,0.004377840233836742,0.004230402970288147,0.004202971407816085,0.004002424228390072,0.00403928091792633,0.004064633517559728,0.003782974114248303,0.003998302262278324,0.0037836391419040446,0.00373604199004122,0.0036825639069979566,0.00353292869939891,0.0036370632716178027,0.0034789875422803337,0.0035758543864266483,0.0034259994805702545,0.0034828504515971295,0.0033685793296250673,0.0032688836903866036,0.003386168015311666,0.003366808194878625,0.0032236994929911588,0.0032549126787113397,0.0031184950949122627,0.0030514025474793027,0.0031071469976343548,0.003154422880032411,0.002974922165093315,0.0028608489343237235,0.002918437478212474,0.0028068321789079657,0.002861803903326879,0.002695647452658121,0.0027884137876351515,0.00280374722303973],
		"dataType": "BosonicMatsubaraFrequencies"
	}
}