{
    "00" : {
        "First Moment" : 9.0000000000000000,
        "Second Moment" : 0.0000000000000000,
        "beta" : 10.000000000000000,
        "imag" : [ -4.1227891610484919, -3.9638618874113343, -3.2659890677016170, -2.6999082659370135, -2.2925638175362177, -1.9932290926775091, -1.7644786485687884, -1.5834506772791590, -1.4361635775343498, -1.3137192665893709, -1.2101880201889559, -1.1214465161275804, -1.0445214655446424, -0.97720343975097101, -0.91780964859428771, -0.86503210878941950, -0.81783680070785536, -0.77539448870799710, -0.73703192533279704, -0.70219660664920802, -0.67043079399458883, -0.64135202935845825, -0.61463829895181554, -0.59001658586107908, -0.56725393380806999, -0.54615039797749532, -0.52653343184011803, -0.50825337903888013, -0.49117982431087981, -0.47519861835658972, -0.46020943591556573, -0.44612375897793655, -0.43286320140848034, -0.42035810958542896, -0.40854638757902606, -0.39737250606922458, -0.38678666244398840, -0.37674406593904664, -0.36720432670707837, -0.35813093167238463 ],
        "real" : [ 5.9652763581525763, 3.3043938386320972, 1.9821337426114116, 1.3410230877933209, 0.98494541427497850, 0.76167359294746717, 0.60928205959668524, 0.49917507214104617, 0.41644218362782581, 0.35249187325586284, 0.30197876003030899, 0.26138118590969484, 0.22827783328513007, 0.20094899860496618, 0.17814180063342633, 0.15892442370177839, 0.14259177079700969, 0.12860232944161964, 0.11653477457712036, 0.10605747025036472, 0.096906631889188688, 0.088870435769939249, 0.081777291082063996, 0.075487073990933240, 0.069884500230079638, 0.064874061865721089, 0.060376121658837434, 0.056323873384720002, 0.052660956393999925, 0.049339569023027607, 0.046318965643326493, 0.043564251124783127, 0.041045407612109841, 0.038736504055327359, 0.036615050476914490, 0.034661467593792850, 0.032858648932975854, 0.031191597533561932, 0.029647123121614882, 0.028213588569627746 ]
    },
    "01" : {
        "First Moment" : -2.2500000000000000,
        "Second Moment" : 0.0000000000000000,
        "beta" : 10.000000000000000,
        "imag" : [ 0.93503441706673585, 1.2473644019907011, 1.0734231298363748, 0.87048710921384664, 0.71528522933865624, 0.60191679038861012, 0.51782342357231548, 0.45372736369398081, 0.40352683055038341, 0.36324491932827407, 0.33024191685705828, 0.30271996902593495, 0.27942130874429683, 0.25944325010922137, 0.24212258879468213, 0.22696166835312437, 0.21357993839581246, 0.20168145893262718, 0.19103261049732834, 0.18144648417702441, 0.17277173833104331, 0.16488450280908240, 0.15768240180286563, 0.15108007546358815, 0.14500577899879913, 0.13939876799047574, 0.13420726533616348, 0.12938686394225907, 0.12489925972422269, 0.12071123770730002, 0.11679385401983959, 0.11312177091703828, 0.10967271238812544, 0.10642701554686501, 0.10336725867892343, 0.10047795107095596, 0.097745272961252516, 0.095156856404266854, 0.092701599727397818, 0.090369509720017713 ],
        "real" : [ -1.9460474841115722, -1.1047136801277089, -0.58185548990052960, -0.33660096850055987, -0.21514426670696266, -0.14888197490979385, -0.10937817985759762, -0.084028232794677138, -0.066766806466369621, -0.054443446300496467, -0.045307172951107172, -0.038325601172125551, -0.032858067852283693, -0.028489079288275654, -0.024938788807712386, -0.022012514097517422, -0.019571017450085548, -0.017512321715564078, -0.015760194551599188, -0.014256628409460431, -0.012956794019356510, -0.011825570739570440, -0.010835109159957904, -0.0099630857596285233, -0.0091914316026538920, -0.0085053920667830449, -0.0078928217964434957, -0.0073436494447264022, -0.0068494667252341213, -0.0064032096577247427, -0.0059989089969332415, -0.0056314931379919247, -0.0052966312209016819, -0.0049906073102746404, -0.0047102188003141920, -0.0044526938530871363, -0.0042156239001199525, -0.0039969081468056167, -0.0037947077021281694, -0.0036074074735749050 ]
    },
    "11" : {
        "First Moment" : 0.0000000000000000,
        "Second Moment" : 0.0000000000000000,
        "beta" : 10.000000000000000,
        "imag" : [ 0.099667862441561228, -0.44508634449086282, -0.45587104053178323, -0.36300228418012059, -0.27527060151060267, -0.20761727559244172, -0.15775497666688021, -0.12128629083939974, -0.094481386048238164, -0.074583022902956000, -0.059634488445987038, -0.048262527935084731, -0.039502458777875810, -0.032672141017491170, -0.027284691574143996, -0.022988860245733808, -0.019528386154953749, -0.016714184856429802, -0.014405180043634660, -0.012494975516366542, -0.010902497013104095, -0.0095653542591074749, -0.0084350839419036049, -0.0074737058293133755, -0.0066512046721277727, -0.0059436712225935393, -0.0053319170620649368, -0.0048004332507821258, -0.0043366007616486525, -0.0039300869290358302, -0.0035723804927989479, -0.0032564307495323917, -0.0029763655170567827, -0.0027272692105386495, -0.0025050070949010567, -0.0023060852518255077, -0.0021275383508626063, -0.0019668392019223497, -0.0018218254732948504, -0.0016906400151153415 ],
        "real" : [ 0.92733725833534142, 0.53077596280331196, 0.19563582629130966, 0.036714929852960099, -0.032951830224021567, -0.061567958940626791, -0.071094897195922963, -0.071728845193951812, -0.068360045225615715, -0.063378492248962817, -0.057952576107728151, -0.052639525694967298, -0.047687225738355918, -0.043187163477565418, -0.039153190162486869, -0.035562407110557873, -0.032376366803259546, -0.029551917757545572, -0.027046566097706157, -0.024820935562121452, -0.022839707638312411, -0.021071785412443634, -0.019490081311668350, -0.018071142475198872, -0.016794725748868818, -0.015643378749272352, -0.014602053286051152, -0.013657761297537725, -0.012799275074768334, -0.012016869437172818, -0.011302101734747555, -0.010647624998963387, -0.010047029642133665, -0.0094947094778476022, -0.0089857483218344462, -0.0085158239379874538, -0.0080811265711769817, -0.0076782897364459377, -0.0073043313070382020, -0.0069566032625819211 ]
    }
}