{
    "00" : {
        "First Moment" : 9.0000000000000000,
        "Second Moment" : 0.0000000000000000,
        "beta" : 10.000000000000000,
        "imag" : [ -2.3883698521281511, -3.5000784542818129, -3.1636685494823911, -2.6873462488121111, -2.3015707651228210, -2.0059936385971384, -1.7764442208072961, -1.5937186638890295, -1.4448106426468068, -1.3210247110187079, -1.2164147055007515, -1.1268216064552754, -1.0492011001074322, -0.98131202148136198, -0.92144138634374473, -0.86825954616816692, -0.82071859353103005, -0.77797610927557248, -0.73935426374892688, -0.70429202206844899, -0.67232624794076346, -0.64307139799554713, -0.61620141875627865, -0.59143990935598656, -0.56855424477578720, -0.54733999821933077, -0.52762352761274300, -0.50925435667198893, -0.49210098019467030, -0.47604842670664954, -0.46099391964055914, -0.44684931622493951, -0.43353514763138612, -0.42098178605212838, -0.40912552073596453, -0.39791172826782745, -0.38728910043407011, -0.37721267888256810, -0.36764182921989957, -0.35854043634891042 ],
        "real" : [ 6.3363745967468788, 3.8160788131670622, 2.2759032906761876, 1.5030313677856477, 1.0792867899453120, 0.82038936532264162, 0.64818050818168271, 0.52636333363617571, 0.43629018811311160, 0.36749534975887566, 0.31362587215738530, 0.27061250156889899, 0.23572040613435877, 0.20702752441837513, 0.18316055216772612, 0.16310705753053620, 0.14610476066141267, 0.13157198138685830, 0.11906080752273490, 0.10821805793203261, 0.098765358676551437, 0.090476469169909646, 0.083171585610915949, 0.076701965390965299, 0.070946906358501496, 0.065807424831441710, 0.061198774044039089, 0.057051096241544030, 0.053305297955195390, 0.049912857469267990, 0.046830956054569842, 0.044022355169878943, 0.041456606772489121, 0.039106173379384407, 0.036948372305432291, 0.034962636839298969, 0.033131792962502259, 0.031439535636286209, 0.029872498628192905, 0.028418877067650783 ]
    },
    "01" : {
        "First Moment" : -2.2500000000000000,
        "Second Moment" : 0.0000000000000000,
        "beta" : 10.000000000000000,
        "imag" : [ 0.73363217589993135, 1.2003410805956165, 1.0673184976299390, 0.87455029806702800, 0.72129505809479511, 0.60755467286163656, 0.52252116095541057, 0.45746586583146653, 0.40644686242012684, 0.36551043983739229, 0.33199832532084905, 0.30408624678633028, 0.28048928642302118, 0.26028309883427952, 0.24278742686975996, 0.22749101931465984, 0.21400449858166132, 0.20202415109176314, 0.19131114719473413, 0.18167425225763364, 0.17295907808204697, 0.16503959434386536, 0.15781150705689551, 0.15118802929138914, 0.14509659085992441, 0.13947554756453492, 0.13427247759255462, 0.12944241056797678, 0.12494686283714654, 0.12075217586557638, 0.11682921704403712, 0.11315237363000145, 0.10969938585225457, 0.10645029341391099, 0.10338760330436639, 0.10049580054576684, 0.097761028024605096, 0.095170759038835859, 0.092713943801524840, 0.090380463795924293 ],
        "real" : [ -2.1001001162702493, -1.1930241693235886, -0.62835790337969888, -0.36181354576070562, -0.22924443467993533, -0.15691597653782360, -0.11399827759561507, -0.086683001791819397, -0.068273436100415641, -0.055272679789604137, -0.045734528304287321, -0.038514426062627248, -0.032907470242158496, -0.028458158215001632, -0.024864220787923632, -0.021915820103934149, -0.019465334343310513, -0.017405693952130836, -0.015656829576195925, -0.014159008494714416, -0.012866073638769581, -0.011742083890514494, -0.010758835842350404, -0.0098938195978569496, -0.0091285785120960080, -0.0084484808926320858, -0.0078413965231354087, -0.0072970904718576875, -0.0068073007999915006, -0.0063650962101723749, -0.0059643038042252383, -0.0056001588026415279, -0.0052681511463277594, -0.0049647413608172528, -0.0046866981552341480, -0.0044312169532378098, -0.0041959376968308589, -0.0039789744911131689, -0.0037783126115315813, -0.0035923328417620352 ]
    },
    "11" : {
        "First Moment" : 0.0000000000000000,
        "Second Moment" : 0.0000000000000000,
        "beta" : 10.000000000000000,
        "imag" : [ -0.22598103955925714, -0.50772453115681393, -0.45016149112794346, -0.34743708869718715, -0.26211667016163398, -0.19835935341213143, -0.15164173754393828, -0.11735745360569887, -0.091986103561624219, -0.073006439868293513, -0.058641632671602537, -0.047639522394722085, -0.039113511976685882, -0.032431932354058612, -0.027138856782460769, -0.022903187824632066, -0.019480856967963284, -0.016690657058481089, -0.014396674870905851, -0.012495655527432474, -0.010908604026778849, -0.0095744963065518378, -0.0084457175488380689, -0.0074848482637209302, -0.0066623011108214031, -0.0059543496235118015, -0.0053419673142656625, -0.0048097920714588989, -0.0043452291124448147, -0.0039379713216653751, -0.0035795714081063401, -0.0032629503975650522, -0.0029822726505373130, -0.0027326098686345232, -0.0025098309284859719, -0.0023104534057949416, -0.0021314985567460485, -0.0019704099743635597, -0.0018250511214010232, -0.0016935689540984059 ],
        "real" : [ 0.82973569890641841, 0.41387321766674340, 0.13712492297932238, 0.011314113746806111, -0.043031820220005707, -0.064896838345388230, -0.071588785654053771, -0.071138871960160333, -0.067448049214879069, -0.062458557118335853, -0.057139453074675516, -0.051960880784837758, -0.047137284802259344, -0.042747908447583624, -0.038804796279294701, -0.035286801898933469, -0.032158123291802822, -0.029378776887903683, -0.026908644699524184, -0.024710630970131677, -0.022751088688713443, -0.021000211742866891, -0.019431990608038956, -0.018023800967475346, -0.016755919917996534, -0.015611412057591801, -0.014575603749962878, -0.013635789198138015, -0.012780923824597997, -0.012001481159379148, -0.011289133702783862, -0.010636670348048508, -0.010037717865735086, -0.0094867762996716110, -0.0089789720011409571, -0.0085100101791021586, -0.0080761111910754510, -0.0076739622033420501, -0.0073005783733102111, -0.0069533415880535443 ]
    }
}