{
    "00" : {
        "First Moment" : 0.0000000000000000,
        "Second Moment" : 0.0000000000000000,
        "beta" : 10.000000000000000,
        "imag" : [ -107.45198335198340, -127.35142016640636, -133.70123661796544, -141.49128302979017, -151.06703721652750, -161.96988745550152, -173.83340124320139, -186.08637165078409, -198.21361470016797, -211.14639979425166, -222.16988694023712, -236.25542167682460, -249.20672381609802, -262.11763822057088, -275.02851924074611, -287.79242964577452, -300.91878587685562, -310.64196324877651, -323.48774478701597, -336.37517565079150, -349.78626624637332, -363.98741786866054, -378.32665954435998, -387.68123427993402, -403.86432080301029, -418.08417608166599, -429.30716950583252, -441.06279444207155, -453.88309104823060, -474.97059537328505, -489.36208118009489, -503.71650402562432, -516.70240036019732, -534.17463861563522, -541.73500128015814, -562.09575343674180, -578.33862228967905, -586.63727054782873, -589.91348278697365, -608.59817120071045 ],
        "real" : [ 92.335420367328283, 32.139854727779728, 3.0867163789938168, -9.5782092863553991, -15.796072530684544, -19.481933484387500, -21.815813400131468, -23.482902497750526, -25.261344780623741, -26.160957613652613, -27.119617361352660, -30.531701367661970, -30.776160580587682, -32.194469362591249, -33.458823159369246, -33.652016995948749, -34.134819169541750, -35.366524494348241, -37.492605845740194, -39.986312467905684, -38.946463653205328, -40.152634297354695, -39.425016468994940, -39.844745305328701, -44.527150234656929, -42.816512041329005, -41.665335735610782, -43.209790984552406, -50.440621742505712, -53.715982096109251, -48.758816940977923, -49.764586788744538, -46.451967795750349, -51.234450218818566, -49.563407156916981, -53.561550548077435, -45.683411891587511, -44.707574511818549, -46.576800398916596, -52.319649180049048 ]
    },
    "01" : {
        "First Moment" : 0.0000000000000000,
        "Second Moment" : 0.0000000000000000,
        "beta" : 10.000000000000000,
        "imag" : [ 21.372196902321310, 28.593829058354672, 24.590000543843090, 19.954965206164950, 16.565622443918180, 13.835018309346513, 11.931060672563929, 10.253386642949319, 9.2622596017379060, 8.3181619096879338, 7.3983431387281655, 6.9787972157844900, 6.2990662177826362, 5.8577547521518207, 6.1506887577026594, 4.9856147204109869, 4.5990593368885921, 4.5030845398545214, 4.4603077362507122, 4.5510277100730967, 3.7404800904840050, 3.7437699469738375, 3.6644616438067268, 3.2548431647639431, 3.5664427551241324, 3.4436871947564227, 3.6619140702879061, 2.4323106922827393, 3.1243376150752229, 3.6356900737160807, 2.7169904002487044, 1.9156847746086272, 3.0619169096235521, 3.4210090777697832, 2.2542619991754718, 1.3146256090582389, 1.0822384490127090, 0.83192490396587881, 3.0166399963161612, 1.9403449012070539 ],
        "real" : [ -44.809662648953946, -25.351557117117064, -13.391287938292690, -7.6432247194594458, -4.9542302328599579, -3.4724125187872437, -2.5576085475501000, -1.9720717301903716, -1.5009140146099076, -1.3560654897247122, -0.93739830223838405, -0.80968610640128702, -0.70031754267799029, -0.30944531068752584, -0.45458177418470724, -0.66613958641848703, -0.50384165006099946, -0.63917774642100178, -0.52308442400487531, -0.60718195502579275, -0.80677560148221650, -0.42193087208574254, -0.32959327545270439, -0.77248817278004112, -0.75351191958348163, -0.44080038791477733, -0.74599964973960964, -0.26042902179635413, 0.68648640667480731, -1.2190375061300383, 0.61393782194054602, -1.2688831552591291, 0.25694244632450669, -1.0737807466737495, -1.8271043651559356, -1.4607826982823890, 2.3240619280321471, -0.57231359983524288, -0.71839942070278739, 0.82363394847368088 ]
    },
    "11" : {
        "First Moment" : 0.0000000000000000,
        "Second Moment" : 0.0000000000000000,
        "beta" : 10.000000000000000,
        "imag" : [ 2.3187295476127980, -10.176062494074504, -10.551872435726269, -8.3217903485263953, -6.3179135382038405, -4.7154039015253613, -3.6561856778324353, -2.9042133391817346, -2.3384083947229097, -1.7473611408657801, -1.2783899362130875, -1.1866170230568445, -0.81632126051457476, -0.49084729311029662, -0.79613274557709379, -0.41920950663969309, -0.74413739890861008, -0.74240260824183513, -0.030735017779264302, -0.49302195637674334, -0.14163269061222006, -0.54937240511478558, -0.56368414041206061, -0.31170007883073436, 0.28160252166012373, -0.13045909240007098, -0.073151347449281118, -0.25412243710493371, -0.40158432196649285, -0.71234326739307574, -0.81961279868101944, 0.91412728517263409, -0.32707726736947834, 0.73915190938266484, -0.47362848550450015, -0.28230445704007073, 0.32179985617270584, -0.44368611194167079, -0.56169484274527659, 2.6906365467260813 ],
        "real" : [ 21.356131068971912, 12.202345343601312, 4.4902587134743239, 0.89563838841712351, -0.81863547518208313, -1.3555980309572930, -1.6207228692306652, -1.7511761601250198, -1.5565225985572444, -1.2020153334628607, -1.1349345320981661, -1.1400467212360965, -1.2493867118347441, -1.1015609399207376, -0.82276745010951635, -1.0259524502966297, -0.67963903509598300, -0.75617313130930064, -0.89090915461034259, -0.40624349589261671, -0.53429857862343055, -1.0292780322600135, -0.059774279478413989, -0.34960410059201269, -0.43165136788190345, -0.65434232311039198, -0.77238681398228337, 0.021544520481713125, -0.68628708506063141, 0.00047309876826651803, -0.30127514384780840, -0.52723530958756815, 0.81620835748106246, -1.2273568986086201, -1.2429569676465340, -0.42322374494138171, 1.5792335847220513, -1.4739548034695766, 0.016844004515654144, -0.11840256091405331 ]
    }
}