{
    "00" : {
        "First Moment" : 9.0000000000000000,
        "Second Moment" : 0.0000000000000000,
        "beta" : 10.000000000000000,
        "imag" : [ -4.1227891610484901, -3.9638618874113334, -3.2659890677016152, -2.6999082659370144, -2.2925638175362195, -1.9932290926775109, -1.7644786485687876, -1.5834506772791572, -1.4361635775343506, -1.3137192665893709, -1.2101880201889550, -1.1214465161275768, -1.0445214655446442, -0.97720343975097101, -0.91780964859428948, -0.86503210878941950, -0.81783680070785536, -0.77539448870799532, -0.73703192533279349, -0.70219660664920980, -0.67043079399459238, -0.64135202935846003, -0.61463829895181554, -0.59001658586107197, -0.56725393380806999, -0.54615039797749887, -0.52653343184011092, -0.50825337903887657, -0.49117982431087270, -0.47519861835658972, -0.46020943591556218, -0.44612375897792234, -0.43286320140848034, -0.42035810958543962, -0.40854638757902961, -0.39737250606922458, -0.38678666244398840, -0.37674406593904308, -0.36720432670707837, -0.35813093167237398 ],
        "real" : [ 5.9652763581525763, 3.3043938386320972, 1.9821337426114116, 1.3410230877933191, 0.98494541427497673, 0.76167359294746539, 0.60928205959668524, 0.49917507214104617, 0.41644218362782581, 0.35249187325586107, 0.30197876003031077, 0.26138118590969661, 0.22827783328512474, 0.20094899860496795, 0.17814180063342100, 0.15892442370177839, 0.14259177079700969, 0.12860232944161964, 0.11653477457712569, 0.10605747025036116, 0.096906631889188688, 0.088870435769933920, 0.081777291082060444, 0.075487073990942122, 0.069884500230079638, 0.064874061865722865, 0.060376121658840987, 0.056323873384723555, 0.052660956394005254, 0.049339569023027607, 0.046318965643326493, 0.043564251124788456, 0.041045407612108065, 0.038736504055322030, 0.036615050476912714, 0.034661467593794626, 0.032858648932975854, 0.031191597533565485, 0.029647123121616659, 0.028213588569633075 ]
    },
    "01" : {
        "First Moment" : -2.2500000000000000,
        "Second Moment" : 0.0000000000000000,
        "beta" : 10.000000000000000,
        "imag" : [ 0.93503441706673618, 1.2473644019907011, 1.0734231298363748, 0.87048710921384687, 0.71528522933865635, 0.60191679038861012, 0.51782342357231503, 0.45372736369398081, 0.40352683055038352, 0.36324491932827424, 0.33024191685705806, 0.30271996902593468, 0.27942130874429705, 0.25944325010922137, 0.24212258879468235, 0.22696166835312415, 0.21357993839581232, 0.20168145893262701, 0.19103261049732800, 0.18144648417702433, 0.17277173833104337, 0.16488450280908251, 0.15768240180286552, 0.15108007546358809, 0.14500577899879902, 0.13939876799047568, 0.13420726533616326, 0.12938686394225904, 0.12489925972422281, 0.12071123770730000, 0.11679385401983965, 0.11312177091703818, 0.10967271238812537, 0.10642701554686493, 0.10336725867892338, 0.10047795107095599, 0.097745272961252294, 0.095156856404266826, 0.092701599727397901, 0.090369509720017616 ],
        "real" : [ -1.9460474841115711, -1.1047136801277087, -0.58185548990052915, -0.33660096850055937, -0.21514426670696266, -0.14888197490979424, -0.10937817985759765, -0.084028232794677027, -0.066766806466369788, -0.054443446300496384, -0.045307172951107144, -0.038325601172125412, -0.032858067852283526, -0.028489079288275737, -0.024938788807712303, -0.022012514097517394, -0.019571017450085340, -0.017512321715564078, -0.015760194551599174, -0.014256628409460223, -0.012956794019356510, -0.011825570739570440, -0.010835109159957820, -0.0099630857596284678, -0.0091914316026538573, -0.0085053920667831490, -0.0078928217964434819, -0.0073436494447263259, -0.0068494667252340727, -0.0064032096577247358, -0.0059989089969331999, -0.0056314931379920913, -0.0052966312209017097, -0.0049906073102745224, -0.0047102188003142337, -0.0044526938530871224, -0.0042156239001199455, -0.0039969081468056861, -0.0037947077021281556, -0.0036074074735749154 ]
    },
    "11" : {
        "First Moment" : 0.0000000000000000,
        "Second Moment" : 0.0000000000000000,
        "beta" : 10.000000000000000,
        "imag" : [ 0.099667862441560395, -0.44508634449086287, -0.45587104053178301, -0.36300228418012082, -0.27527060151060256, -0.20761727559244164, -0.15775497666688026, -0.12128629083939979, -0.094481386048238275, -0.074583022902956098, -0.059634488445987011, -0.048262527935084704, -0.039502458777875782, -0.032672141017491198, -0.027284691574144000, -0.022988860245733728, -0.019528386154953722, -0.016714184856429795, -0.014405180043634683, -0.012494975516366540, -0.010902497013104154, -0.0095653542591074784, -0.0084350839419037316, -0.0074737058293133764, -0.0066512046721276799, -0.0059436712225935748, -0.0053319170620649082, -0.0048004332507821709, -0.0043366007616485805, -0.0039300869290358658, -0.0035723804927989579, -0.0032564307495323514, -0.0029763655170568517, -0.0027272692105386157, -0.0025050070949010337, -0.0023060852518255407, -0.0021275383508625569, -0.0019668392019222534, -0.0018218254732948799, -0.0016906400151153042 ],
        "real" : [ 0.92733725833534120, 0.53077596280331207, 0.19563582629130941, 0.036714929852959960, -0.032951830224021345, -0.061567958940626860, -0.071094897195922976, -0.071728845193951868, -0.068360045225615770, -0.063378492248962720, -0.057952576107728221, -0.052639525694967340, -0.047687225738355946, -0.043187163477565377, -0.039153190162486806, -0.035562407110557810, -0.032376366803259608, -0.029551917757545506, -0.027046566097706129, -0.024820935562121463, -0.022839707638312445, -0.021071785412443630, -0.019490081311668322, -0.018071142475198872, -0.016794725748868821, -0.015643378749272380, -0.014602053286051192, -0.013657761297537700, -0.012799275074768243, -0.012016869437172836, -0.011302101734747497, -0.010647624998963351, -0.010047029642133665, -0.0094947094778476786, -0.0089857483218344185, -0.0085158239379874660, -0.0080811265711769453, -0.0076782897364458588, -0.0073043313070381942, -0.0069566032625818742 ]
    }
}