{
    "Job Specifications" : {
        "Measurement Sweeps per Processor" : 1601568.0,
        "Number of Processors" : 2,
        "Thermalization Sweeps per Processor" : 536412.0
    },
    "Measurements" : {
        "Chi" : [ 0.00655536381940016, 0.005129295406681548, 0.004082210188084223, 0.00313467456013219, 0.002499186509880284, 0.001987493918044207, 0.001665132574989127, 0.001372872445062544, 0.001147609079793942, 0.0009732786826798023, 0.0008314903357503049, 0.0007279067330865275, 0.0006321464265895366, 0.0005612211492588497, 0.0004938748534223219, 0.000442696259105775, 0.0003938154948145221, 0.0003526494090514773, 0.0003196037367976381, 0.0002929611706818675, 0.0002659598300344885, 0.0002447025377965227, 0.0002257200689022418, 0.0002080150929999254, 0.0001911163868792377 ],
        "Chi0" : [ 0.00655536381940016 ],
        "Chi0_0" : [ 0.006541835355927409 ],
        "Chi0_1" : [ 0.006491934480278883 ],
        "Chi0_2" : [ 0.006536658386538914 ],
        "Chi0_3" : [ 0.006651027054855473 ],
        "Chi_0" : [ 0.006541835355927409, 0.005110975502528163, 0.004025687972946581, 0.003125404030167432, 0.002539815400684958, 0.001983931714085835, 0.001677492259525473, 0.001371471730966969, 0.001156340734115709, 0.0009910236540023576, 0.0008382209067005233, 0.0007260718237179142, 0.0006303586192236886, 0.0005636244670620504, 0.0004967007071072544, 0.000449806564158806, 0.0003943526003951731, 0.0003501155430200085, 0.0003208908833015379, 0.0002964764436716668, 0.0002640756366262953, 0.0002435977955422191, 0.000230130403966043, 0.0002112008861276164, 0.0001908918594803657 ],
        "Chi_1" : [ 0.006491934480278883, 0.005136807879835331, 0.004111253053588228, 0.003139225898003784, 0.002546962041404731, 0.002011295522139894, 0.00167569918240888, 0.001365940943559082, 0.001129426218072626, 0.0009566491617513581, 0.0008329409793993738, 0.0007330836016421354, 0.000631953695540883, 0.0005573716134909837, 0.0004994230081954141, 0.0004344258971675228, 0.0003975082895589633, 0.0003586929353437048, 0.0003197087617089272, 0.0002950832599134563, 0.0002719062257931742, 0.000246154660197475, 0.0002212250325888814, 0.0002031453513066469, 0.000189609841660365 ],
        "Chi_2" : [ 0.006536658386538914, 0.005125257254917659, 0.004105071126364963, 0.003160705432538377, 0.002458981680976442, 0.001999639494180599, 0.001668768612081399, 0.001380387863489652, 0.001137839413850713, 0.0009755893917596008, 0.0008157223979705228, 0.0007334246996855072, 0.0006398535770124011, 0.0005556355613966531, 0.0004911155448959792, 0.0004367347979150535, 0.0003908524697017896, 0.0003495568287548009, 0.000317333314327889, 0.0002906268586373742, 0.0002642337421410188, 0.0002421453814149543, 0.0002276134701858764, 0.0002070976332542572, 0.000192647607139887 ],
        "Chi_3" : [ 0.006651027054855473, 0.005144140989445041, 0.004086828599437122, 0.003113362879819182, 0.002450986916454995, 0.001955108941770512, 0.001638570245940755, 0.00137368924223447, 0.001166829953136718, 0.0009698525232058939, 0.0008390770589308079, 0.0007190468073005514, 0.0006264198145811761, 0.0005682529550857108, 0.0004882601534906406, 0.000449817777181718, 0.0003925486196021609, 0.0003522323290873956, 0.0003204819878521985, 0.0002896581205049717, 0.0002636237155774657, 0.0002469123140314394, 0.0002239113688681658, 0.0002106165013111833, 0.0001913162392363332 ],
        "D" : [ 0.0103741105899727 ],
        "D_0" : [ 0.01035524424096354 ],
        "D_1" : [ 0.01036852542801012 ],
        "D_2" : [ 0.01036639126480076 ],
        "D_3" : [ 0.01040628142611642 ],
        "GreenI_00" : [ -0.007474007946541641, -0.00800633317954139, -0.007471409857400257, -0.006862208627778184, -0.006325342379222748, -0.005850861891576071, -0.005433926097096559, -0.005069636511337197, -0.004755679374156933, -0.004468121049832686, -0.004246695196310554, -0.003985634515901287, -0.003784789773311716, -0.003599193499283639, -0.003431833523282296, -0.003283040269082996, -0.0031428490637431, -0.00304273410291474, -0.002920306330067112, -0.002806229510707785, -0.002703836243938913, -0.0025994284140024, -0.002504961835071001, -0.002444145378466246, -0.002342790410805396, -0.002267541893515091, -0.002210432367821234, -0.002150619537708551, -0.002083523793501646, -0.001991427393933624, -0.001939020834660929, -0.001884094031964104, -0.001840132117709056, -0.001778230968260768, -0.00175405013551691, -0.00169003288562798, -0.001647941156161272, -0.001624763882608807, -0.001613815469002039, -0.001562810297684685 ],
        "GreenI_01" : [ -0.003015851375782315, -0.001886943988578976, -0.001130255270840849, -0.0007588093307474794, -0.0005480688937489875, -0.0004052090588632596, -0.0003107146322010091, -0.0002380055985034289, -0.0001935208588028, -0.0001556266871170698, -0.0001278469431365883, -0.0001064097667438101, -8.751775775690868e-05, -7.53785854160105e-05, -7.121351884189513e-05, -5.245570659710264e-05, -4.481499090525848e-05, -4.069727427159504e-05, -3.745573966913794e-05, -3.496393098238412e-05, -2.64052096212904e-05, -2.502927092292705e-05, -2.300078182697879e-05, -1.883135878113331e-05, -1.89386113489711e-05, -1.755322557461179e-05, -1.740726079244164e-05, -1.139020092053779e-05, -1.459691113035486e-05, -1.336005623168638e-05, -1.100307124746485e-05, -6.081133213152183e-06, -1.079443205140653e-05, -1.026132808877355e-05, -5.939425166877764e-06, -3.074441473747417e-06, -4.319952529769085e-06, -2.14208165757256e-06, -7.66976098972278e-06, -5.351238703863116e-06 ],
        "GreenI_11" : [ -0.0009138355963174785, 0.0001260665555505268, 0.0003255267986428945, 0.0002616155311624064, 0.0001922323974534331, 0.0001341729787281151, 9.639704431776841e-05, 7.215922643022601e-05, 5.187949021450231e-05, 3.403301205777561e-05, 2.333908420801127e-05, 2.009589146573259e-05, 1.405032234803608e-05, 8.184113229117285e-06, 9.748242817129631e-06, 6.467281861116666e-06, 8.1793428692292e-06, 7.933901069553685e-06, 1.696920474223e-06, 4.06992284257048e-06, 1.746797271335126e-06, 5.137740491137853e-06, 3.255522550989675e-06, 2.172130604854386e-06, -1.11021806353987e-06, 1.27363139569714e-06, 1.024082397914779e-06, 1.058613827836213e-06, 2.305387580792943e-06, 2.672016280965916e-06, 3.200594732001797e-06, -2.764337570861001e-06, 4.056946652582314e-07, -1.532221254103586e-06, 2.268972982630034e-06, 1.085641010864061e-06, -1.62833718388898e-06, 1.865635860500207e-06, 1.386129879272106e-06, -6.476903819824142e-06 ],
        "GreenR_00" : [ -0.003623553467672506, -0.0003705461638054719, 0.0008005292985204263, 0.001099748619592537, 0.001127183989243717, 0.001067527586831279, 0.0009791312426231265, 0.0008891685396999681, 0.0008208599213013056, 0.0007408415763082306, 0.0006849211867105906, 0.0006598096777766906, 0.0005970135343737326, 0.0005579816441673988, 0.000522529188353316, 0.0004795614522316874, 0.0004436867092288011, 0.0004275932457551142, 0.0004125040331479393, 0.0004012318382599941, 0.0003639310034488487, 0.0003443928767908418, 0.000314645528545791, 0.00030204950604548, 0.000304132146571589, 0.0002753457514795446, 0.0002556753372440673, 0.0002491868783828111, 0.0002663710914505299, 0.0002568622210217504, 0.0002236431137549551, 0.0002148361298931004, 0.0001931114395338272, 0.000195969132334285, 0.0001852783443340742, 0.0001836272898408379, 0.0001523645383876951, 0.0001454985228061241, 0.00014856474088311, 0.0001535906065646606 ],